name,price,link
Glen Grant 1952 Platinum Jubilee 70 Year Old #381,"20,000.00",https://www.whiskyshop.com/glen-grant-1952-platinum-jubilee-70-year-old-381
Connoisseurs Choice Upper Glentauchers 1990 #14520,679.99,https://www.whiskyshop.com/connoisseurs-choice-upper-glentauchers-1990-14520
Connoisseurs Choice Upper Tormore 1991 #15386,629.99,https://www.whiskyshop.com/connoisseurs-choice-upper-tormore-1991-15386
Kilchoman Loch Gorm 2022,78.00,https://www.whiskyshop.com/kilchoman-loch-gorm-2022
The Octave Aultmore 2008 13 Year Old TWS Edinburgh Exclusive,125.00,https://www.whiskyshop.com/the-octave-aultmore-2008-13-year-old-tws-exclusive
Loch Lomond 2011 #1758,70.00,https://www.whiskyshop.com/loch-lomond-2011-1758-11-year-old-tws-exclusive
The Kinship Jura 1992 29 Year Old,399.00,https://www.whiskyshop.com/the-kinship-jura-29-year-old
The Kinship Laphroaig 1991 31 Year Old,850.00,https://www.whiskyshop.com/the-kinship-laphroaig-31-year-old
The Kinship Bunnahabhain 1990 32 Year Old,485.00,https://www.whiskyshop.com/the-kinship-bunnahabhain-32-year-old
The Kinship Bruichladdich 31 Year Old,515.00,https://www.whiskyshop.com/the-kinship-bruichladdich-31-year-old
The Kinship Bowmore 1989 33 Year Old ,850.00,https://www.whiskyshop.com/the-kinship-bowmore-33-year-old
Loch Lomond 12 Year Old Louis Oosthuizen,55.00,https://www.whiskyshop.com/loch-lomond-12-year-old-louis-oosthuizen
Isle of Raasay R-01.1,55.00,https://www.whiskyshop.com/isle-of-raasay-r-01-1
Happy Father's Day (Green)  6x3cl Whisky Gift Set,30.00,https://www.whiskyshop.com/happy-fathers-day-gift-pack-green
Happy Father's Day 6x3cl Whisky Gift Set,30.00,https://www.whiskyshop.com/happy-fathers-day-gift-pack
World's Best Dad 6x3cl Whisky Gift Set,30.00,https://www.whiskyshop.com/worlds-best-dad-whisky-pack
Benromach Peat Smoke 2009,51.00,https://www.whiskyshop.com/benromach-peat-smoke-2009
Darkness Dalmore 14 Year Old,129.95,https://www.whiskyshop.com/darkness-dalmore-14-year-old
Arran Barrel Reserve,35.00,https://www.whiskyshop.com/arran-barrel-reserve
Linkwood 1991 30 Year Old Connoisseurs Choice,629.00,https://www.whiskyshop.com/linkwood-1991-30-year-old-connoisseurs-choice
Linkwood 15 Year Old Distillery Labels,69.00,https://www.whiskyshop.com/linkwood-15-year-old-distillery-labels
Tomatin 1989 32 Year Old Connoisseurs Choice,779.00,https://www.whiskyshop.com/tomatin-1989-32-year-old-connoisseurs-choice
Glendronach Port Wood,50.00,https://www.whiskyshop.com/glendronach-port-wood
Talisker 44 Year Old,"3,800.00",https://www.whiskyshop.com/talisker-44-year-old
North Star Mannochmore 10 Year Old,72.00,https://www.whiskyshop.com/north-star-mannochmore-10-year-old-tws-exclusive
North Star Caol Ila 8 Year Old,75.00,https://www.whiskyshop.com/north-star-caol-ila-8-year-old-tws-exclusive
Bowmore 1997 Distillery Manager's Selection,"1,499.00",https://www.whiskyshop.com/bowmore-1997-distillery-manager-s-selection
Port Ellen 33 Year Old Platinum Old&Rare,"2,995.00",https://www.whiskyshop.com/port-ellen-33-year-old-platinum-old-rare
Miltonduff 10 Year Old Gordon & MacPhail Discovery Series,48.00,https://www.whiskyshop.com/g-m-discovery-miltonduff-10-year-old
Tomatin 2009 Gordon & MacPhail Discovery Series,50.00,https://www.whiskyshop.com/g-m-discovery-tomatin-2009
Bunnahabhain 10 Year Old Gordon & MacPhail Discovery Series,48.00,https://www.whiskyshop.com/g-m-discovery-bunnahabhain-10-year-old
Bunnahabhain 11 Year Old Gordon & MacPhail Discovery Series,48.00,https://www.whiskyshop.com/g-m-discovery-bunnahabhain-11-year-old
Ledaig 12 Year Old Gordon & MacPhail Discovery Series,49.95,https://www.whiskyshop.com/g-m-discovery-ledaig-12-year-old-smokey
Berry Bros. & Rudd Macduff 2009,80.00,https://www.whiskyshop.com/berry-bros-rudd-macduff-2009
Dalmore 21 Year Old 2022 Edition,575.00,https://www.whiskyshop.com/dalmore-21-year-old-2022-edition
Loch Lomond Open Special Edition Gift Pack & 2 Glasses 2022,55.00,https://www.whiskyshop.com/loch-lomond-open-special-edition-gift-pack-2-glasses-2022
Loch Lomond 46 Year Old,"4,500.00",https://www.whiskyshop.com/loch-lomond-46-year-old
Highland Park 1989 32 Year Old Connoisseurs Choice,779.00,https://www.whiskyshop.com/highland-park-1989-32-year-old-connoisseurs-choice
Bunnahabhain Abhainn Araig Feis Ile Release 2022,95.00,https://www.whiskyshop.com/bunnahabhain-abhainn-araig-feis-ile-release
Bunnahabhain 1998 Calvados Feis Ile Release 2022,400.00,https://www.whiskyshop.com/bunnahabhain-1998-calvados-feis-ile-release
Loch Lomond Open Special Edition 2022,49.00,https://www.whiskyshop.com/loch-lomond-open-special-edition-2022
Loch Lomond 1999 22 Year Old Open Course Collection 2022 ,225.00,https://www.whiskyshop.com/loch-lomond-1999-22-year-old-course-collection-2022
Old Malt Cask Glen Moray 2007 14 Year Old,92.00,https://www.whiskyshop.com/old-malt-cask-glen-moray-2007-14-year-old
Old Malt Cask Mortlach 2007 14 Year Old,105.00,https://www.whiskyshop.com/old-malt-cask-mortlach-2007-14-year-old
Old Malt Cask Linkwood 2002 18 Year Old,167.00,https://www.whiskyshop.com/old-malt-cask-linkwood-2002-18-year-old
Springbank 2000 16 Year Old,"1,980.00",https://www.whiskyshop.com/springbank-2000-16-year-old-single-cask
Port Ellen 1981 Islay Festival 2008,Sold out,https://www.whiskyshop.com/port-ellen-1981-islay-festival-2008
Lindores The Casks of Lindores STR Wine Barrique,54.99,https://www.whiskyshop.com/lindores-the-casks-of-lindores-str-wine-barrique
GlenAllachie 8 Year Old,43.99,https://www.whiskyshop.com/glenallachie-8-year-old
Tamdhu 18 Year Old,140.00,https://www.whiskyshop.com/tamdhu-18-year-old
Smokehead Sherry Bomb,65.00,https://www.whiskyshop.com/smokehead-sherry-bomb
Chivas Regal 12 Year Old 4.5 Litre,219.00,https://www.whiskyshop.com/chivas-regal-12-year-old-4-5-litre
Longmorn 23 Year Old,399.00,https://www.whiskyshop.com/longmorn-23-year-old
Glenlivet 1978 Private Collection,"2,099.00",https://www.whiskyshop.com/glenlivet-1978-private-collection
Glenlivet 1976 Private Collection,"2,349.00",https://www.whiskyshop.com/glenlivet-1976-private-collection
Mortlach 1978 Private Collection,"2,099.00",https://www.whiskyshop.com/mortlach-1978-private-collection
Mossburn Auchroisk 2007 14 Year Old,58.95,https://www.whiskyshop.com/mossburn-auchroisk-2007-14-year-old
Mossburn Craigellachie 2007 13 Year Old,64.95,https://www.whiskyshop.com/mossburn-craigellachie-2007-13-year-old
Scapa Glansa,46.00,https://www.whiskyshop.com/scapa-glansa-the-orcadian
Longmorn 18 Year Old,88.00,https://www.whiskyshop.com/longmorn-18-year-old
Kingsbarns Distillery Reserve,65.00,https://www.whiskyshop.com/kingsbarns-distillery-reserve
Tobermory 24 Year Old,320.00,https://www.whiskyshop.com/tobermory-24-year-old
Tomatin Cask Strength,54.00,https://www.whiskyshop.com/tomatin-cask-strength
Tomatin 18 Year Old,94.95,https://www.whiskyshop.com/tomatin-18-year-old
Glen Keith 25 Year Old,365.00,https://www.whiskyshop.com/glen-keith-25-year-old
Glen Keith 21 Year Old,160.00,https://www.whiskyshop.com/glen-keith-21-year-old
Happy Birthday (Light Blue) 6 Reasons Whisky Gift Pack,30.00,https://www.whiskyshop.com/happy-birthday-light-blue-6-reasons-whisky-gift-pack
Happy Birthday (Dark Blue) 6 Reasons Whisky Gift Pack,30.00,https://www.whiskyshop.com/happy-birthday-dark-blue-6-reasons-whisky-gift-pack
Cake Didn't Turn Out Whisky Gift Pack,30.00,https://www.whiskyshop.com/cake-didn-t-turn-out-whisky-gift-pack
Thanks For Everything Whisky Gift Pack,30.00,https://www.whiskyshop.com/thanks-for-everything-gift-pack-6x3cl
Thought Of You Whisky Gift Pack,30.00,https://www.whiskyshop.com/thought-of-you-whisky-gift-pack-6x3cl
Balvenie 16 Year Old French Oak,130.00,https://www.whiskyshop.com/balvenie-16-year-old-french-oak
Inchmurrin 22 Year Old Batch 6 That Boutique-y Whisky Company,119.95,https://www.whiskyshop.com/inchmurrin-22-year-old-batch-6-that-boutique-y-whisky-company
Macduff 21 Year Old Batch 7 That Boutique-y Whisky Company,103.95,https://www.whiskyshop.com/macduff-21-year-old-batch-7-that-boutique-y-whisky-company
Glenrothes 12 Year Old Batch 11 That Boutique-y Whisky Company,46.95,https://www.whiskyshop.com/glenrothes-12-year-old-batch-11-that-boutique-y-whisky-company
Berry Bros. & Rudd Tullibardine 1993 #954,150.00,https://www.whiskyshop.com/berry-bros-rudd-tullibardine-1993-954
Berry Bros. & Rudd Glen Grant 1998 #13214,230.00,https://www.whiskyshop.com/berry-bros-rudd-glen-grant-1998-13214
Berry Bros. & Rudd Caol Ila 2010,120.00,https://www.whiskyshop.com/berry-bros-rudd-caol-ila-2010
Glendronach 33 Year Old,"2,695.00",https://www.whiskyshop.com/glendronach-33-year-old
Bowmore Bicentenary,Sold out,https://www.whiskyshop.com/bowmore-bicentenary
Glenfarclas 15 Year Old,58.00,https://www.whiskyshop.com/glenfarclas-15-year-old-single-malt
Glenfarclas 105 Cask Strength,55.95,https://www.whiskyshop.com/glenfarclas-105-cask-strength
The Octave Glenrothes 2009 12 Year Old,120.00,https://www.whiskyshop.com/the-octave-glenrothes-2009-12-year-old
Duncan Taylor Bunnahabhain Peated  2014 7 Year Old,85.00,https://www.whiskyshop.com/duncan-taylor-bunnahabhain-peated-2014-7-year-old
Benromach Cara Gold,50.00,https://www.whiskyshop.com/benromach-cara-gold
Dalwhinnie Distillers Edition 2021,68.00,https://www.whiskyshop.com/dalwhinnie-distillers-edition-2021
Talisker Distillers Edition 2021,69.00,https://www.whiskyshop.com/talisker-distillers-edition-2021
Aberlour Aâ€™bunadh Alba,85.00,https://www.whiskyshop.com/aberlour-abunadh-alba
The Octave Dalmunach 2015 6 Year Old #10831766,80.00,https://www.whiskyshop.com/the-octave-dalmunach-2015-6-year-old-10831766
The Octave Highland Park 2008 13 Year Old #5032247,135.00,https://www.whiskyshop.com/the-octave-highland-park-2008-13-year-old-5032247
The Octave Dalmunach 2016 5 Year Old #10831623,80.00,https://www.whiskyshop.com/theoctave-dalmunach-2016-5-year-old-10831623
Caol Ila Distillers Edition 2021, 70.00,https://www.whiskyshop.com/caol-ila-distillers-edition-2022
Strathisla 2008 13 Year Old Connoisseurs Choice UK Exclusive 21/184,99.00,https://www.whiskyshop.com/strathisla-13-year-old-2008-connoisseurs-choice-uk-exclusive
Tomatin 14 Year Old,63.00,https://www.whiskyshop.com/tomatin-14-year-old
Tomatin 12 Year Old ,42.00,https://www.whiskyshop.com/tomatin-12-year-old
River Rock Single Malt,35.00,https://www.whiskyshop.com/river-rock-single-malt
Benriach 12 Year Old Tasting Set,14.00,https://www.whiskyshop.com/benriach-12-year-old-tasting-set
Benriach 10 Year Old Tasting Set,12.00,https://www.whiskyshop.com/benriach-10-year-old-tasting-set
Tobermory 2007 Sherry Finish ,110.00,https://www.whiskyshop.com/tobermory-2007-sherry-finish
Murray McDavid Linkwood 2008 13 Year Old ,105.00,https://www.whiskyshop.com/murray-mcdavid-linkwood-2008-13-year-old
